Workbook

Sheet Sheet1
A1: PRN | B1: Name | C1: Sub1 | D1: Sub2 | E1: Sub3 | F1: Sub4 | G1: Sub5 | H1: Optional | I1: Total | J1: Percentage | K1: Result | L1: Distinction or No Distinction | M1: Division
A2: 10001 | B2: Student 1 | C2: 87 | D2: 92 | E2: 78 | F2: 85 | G2: 90 | H2: A | I2: 432 | J2: 0.864 | K2: =IF(AND(C2>=50,D2>=50,E2>=50,F2>=50,G2>=50),"Pass","Fail") -> Pass | L2: =IF(AND(K2="Pass",J2>=75),"Distinction","No Distinction") -> No Distinction | M2: =IF(AND(K2="pass",J2>=30,J2<60),"1st Div","2nd Div") -> 2nd Div
A3: 10001 | B3: Student2 | C3: 75 | D3: 80 | E3: 65 | F3: 70 | G3: 0 | H3: B | I3: 362 | J3: 0.724 | K3: =IF(AND(C3>=50,D3>=50,E3>=50,F3>=50,G3>=50),"Pass","Fail") -> Fail | L3: =IF(AND(K3="Pass",J3>=75),"Distinction","No Distinction") -> No Distinction | M3: =IF(AND(K3="pass",J3>=30,J3<60),"1st Div","2nd Div") -> 2nd Div
A4: 10001 | B4: Student 3 | C4: 90 | D4: 88 | E4: 91 | F4: 93 | G4: 89 | H4: C | I4: 451 | J4: 0.902 | K4: =IF(AND(C4>=50,D4>=50,E4>=50,F4>=50,G4>=50),"Pass","Fail") -> Pass | L4: =IF(AND(K4="Pass",J4>=75),"Distinction","No Distinction") -> No Distinction | M4: =IF(AND(K4="pass",J4>=30,J4<60),"1st Div","2nd Div") -> 2nd Div
A5: 10001 | B5: Student 4 | C5: 60 | D5: 70 | E5: 58 | F5: 65 | G5: 62 | H5: D | I5: 315 | J5: 0.63 | K5: =IF(AND(C5>=50,D5>=50,E5>=50,F5>=50,G5>=50),"Pass","Fail") -> Pass | L5: =IF(AND(K5="Pass",J5>=75),"Distinction","No Distinction") -> No Distinction | M5: =IF(AND(K5="pass",J5>=30,J5<60),"1st Div","2nd Div") -> 2nd Div
A6: 10001 | B6: Student 5 | C6: 95 | D6: 92 | E6: 96 | F6: 94 | G6: 97 | H6: A | I6: 474 | J6: 0.948 | K6: =IF(AND(C6>=50,D6>=50,E6>=50,F6>=50,G6>=50),"Pass","Fail") -> Pass | L6: =IF(AND(K6="Pass",J6>=75),"Distinction","No Distinction") -> No Distinction | M6: =IF(AND(K6="pass",J6>=30,J6<60),"1st Div","2nd Div") -> 2nd Div
A7: 10001 | B7: Student 6 | C7: 55 | D7: 60 | E7: 63 | F7: 58 | G7: 66 | H7: B | I7: 302 | J7: 0.604 | K7: =IF(AND(C7>=50,D7>=50,E7>=50,F7>=50,G7>=50),"Pass","Fail") -> Pass | L7: =IF(AND(K7="Pass",J7>=75),"Distinction","No Distinction") -> No Distinction | M7: =IF(AND(K7="pass",J7>=30,J7<60),"1st Div","2nd Div") -> 2nd Div
A8: 10001 | B8: Student 7 | C8: 88 | D8: 85 | E8: 90 | F8: 87 | G8: 89 | H8: C | I8: 439 | J8: 0.878 | K8: =IF(AND(C8>=50,D8>=50,E8>=50,F8>=50,G8>=50),"Pass","Fail") -> Pass | L8: =IF(AND(K8="Pass",J8>=75),"Distinction","No Distinction") -> No Distinction | M8: =IF(AND(K8="pass",J8>=30,J8<60),"1st Div","2nd Div") -> 2nd Div
A9: 10001 | B9: Student 8 | C9: 0 | D9: 68 | E9: 65 | F9: 75 | G9: 72 | H9: D | I9: 350 | J9: 0.7 | K9: =IF(AND(C9>=50,D9>=50,E9>=50,F9>=50,G9>=50),"Pass","Fail") -> Fail | L9: =IF(AND(K9="Pass",J9>=75),"Distinction","No Distinction") -> No Distinction | M9: =IF(AND(K9="pass",J9>=30,J9<60),"1st Div","2nd Div") -> 2nd Div
A10: 10001 | B10: Student 9 | C10: 92 | D10: 94 | E10: 91 | F10: 90 | G10: 93 | H10: A | I10: 460 | J10: 0.92 | K10: =IF(AND(C10>=50,D10>=50,E10>=50,F10>=50,G10>=50),"Pass","Fail") -> Pass | L10: =IF(AND(K10="Pass",J10>=75),"Distinction","No Distinction") -> No Distinction | M10: =IF(AND(K10="pass",J10>=30,J10<60),"1st Div","2nd Div") -> 2nd Div
A11: 10001 | B11: Student 10 | C11: 82 | D11: 79 | E11: 80 | F11: 78 | G11: 85 | H11: B | I11: 404 | J11: 0.808 | K11: =IF(AND(C11>=50,D11>=50,E11>=50,F11>=50,G11>=50),"Pass","Fail") -> Pass | L11: =IF(AND(K11="Pass",J11>=75),"Distinction","No Distinction") -> No Distinction | M11: =IF(AND(K11="pass",J11>=30,J11<60),"1st Div","2nd Div") -> 2nd Div
A12: 10001 | B12: Student 11 | C12: 77 | D12: 85 | E12: 79 | F12: 84 | G12: 82 | H12: C | I12: 407 | J12: 0.814 | K12: =IF(AND(C12>=50,D12>=50,E12>=50,F12>=50,G12>=50),"Pass","Fail") -> Pass | L12: =IF(AND(K12="Pass",J12>=75),"Distinction","No Distinction") -> No Distinction | M12: =IF(AND(K12="pass",J12>=30,J12<60),"1st Div","2nd Div") -> 2nd Div
A13: 10001 | B13: Student 12 | C13: 69 | D13: 0 | E13: 70 | F13: 68 | G13: 71 | H13: D | I13: 350 | J13: 0.7 | K13: =IF(AND(C13>=50,D13>=50,E13>=50,F13>=50,G13>=50),"Pass","Fail") -> Fail | L13: =IF(AND(K13="Pass",J13>=75),"Distinction","No Distinction") -> No Distinction | M13: =IF(AND(K13="pass",J13>=30,J13<60),"1st Div","2nd Div") -> 2nd Div
... A21: 10001 | B21: Student 20 | C21: 84 | D21: 88 | E21: 86 | F21: 89 | G21: 85 | H21: D | I21: 432 | J21: 0.864 | K21: =IF(AND(C21>=50,D21>=50,E21>=50,F21>=50,G21>=50),"Pass","Fail") -> Pass | L21: =IF(AND(K21="Pass",J21>=75),"Distinction","No Distinction") -> No Distinction | M21: =IF(AND(K21="pass",J21>=30,J21<60),"1st Div","2nd Div") -> 2nd Div

Sheet Sheet2
A1: PRN | B1: Name
A2: 10001 | B2: =VLOOKUP(A2,Sheet1!A1:M21,2,0) -> Student 1
A3: 10002 | B3: =VLOOKUP(A3,Sheet1!A2:M21,2,0) -> #N/A
A4: 10003 | B4: =VLOOKUP(B3,Sheet1!A3:M23,2,0) -> #N/A
A5: 10004 | B5: =VLOOKUP(A5,Sheet1!A4:M24,2,0) -> #N/A
A6: 10005 | B6: =VLOOKUP(A6,Sheet1!A5:M25,2,0) -> #N/A
A7: 10006 | B7: =VLOOKUP(A7,Sheet1!A6:M26,2,0) -> #N/A
A8: 10007 | B8: =VLOOKUP(A8,Sheet1!A7:M27,2,0) -> #N/A
A9: 10008 | B9: =VLOOKUP(A9,Sheet1!A8:M28,2,0) -> #N/A
A10: 10009 | B10: =VLOOKUP(A10,Sheet1!A9:M29,2,0) -> #N/A
A11: 10010 | B11: =VLOOKUP(A11,Sheet1!A10:M30,2,0) -> #N/A
A12: 10011 | B12: =VLOOKUP(A12,Sheet1!A11:M31,2,0) -> #N/A
A13: 10012 | B13: =VLOOKUP(A13,Sheet1!A12:M32,2,0) -> #N/A
A14: 10013 | B14: =VLOOKUP(A14,Sheet1!A13:M33,2,0) -> #N/A
A15: 10014 | B15: =VLOOKUP(A15,Sheet1!A14:M34,2,0) -> #N/A
A16: 10015 | B16: =VLOOKUP(A16,Sheet1!A15:M35,2,0) -> #N/A
... A21: 10020 | B21: =VLOOKUP(A21,Sheet1!A20:M40,2,0) -> #N/A
